id,service_name,address,latitude,longitude,services_offered,details_url,scrape_ts,state,postcode
SVC1000,Bromelton Energy & Resource Centre,"Lot 1 Beaudesert-Boonah Road, Bromelton QLD",-27.975059190727382,-27.975059190727382,Miscellaneous,https://www.cleanaway.com.au/location/bromelton-energy-and-resource-centre/,2024-07-26 00:04:00,QLD,4285
SVC1001,Albany Material Recovery Facility,"2-16 Cuming Road & 37 Maxwell Street, Albany, WA, 6330",-35.01078332713777,-35.01078332713777,Solid waste services,https://www.cleanaway.com.au/location/albany/,2024-07-26 00:04:09,WA,6330
SVC1001,Albany Material Recovery Facility,"2-16 Cuming Road & 37 Maxwell Street, Albany, WA, 6330",-35.01078332713777,-35.01078332713777,Office,https://www.cleanaway.com.au/location/albany/,2024-07-26 00:04:09,WA,6330
SVC1002,Albury-Wodonga Solid Waste Services,"26 Reiff St, Lavington, NSW, 2641",-36.037913,-36.037913,Solid waste services,https://www.cleanaway.com.au/location/lavington/,2024-07-26 00:04:14,NSW,2641
SVC1003,Alexandra Solid Waste Services,"4-8 Station Street, Alexandra, VIC, 3714",-37.183192,-37.183192,Solid waste services,https://www.cleanaway.com.au/location/alexandra/,2024-07-26 00:04:21,VIC,3714
SVC1004,Cleanaway Alice Springs Solid Waste Depot,"6 Wilkinson Street, Ciccone, NT, 0870",-23.700021,-23.700021,Solid waste services,https://www.cleanaway.com.au/location/alice-springs/,2024-07-26 00:04:30,NT,0870
SVC1005,Cleanaway Allerton Road Albany Solid Waste Depot,"12 Allerton Road, Albany, WA, 6330",-35.019758,-35.019758,Solid waste services,https://www.cleanaway.com.au/location/albany-2/,2024-07-26 00:04:37,WA,6330
SVC1006,Cleanaway Altona - Solid Waste Services,"72/80 Harcourt Rd, Altona, VIC, 3018",-37.850366199805535,-37.850366199805535,Solid waste services,https://www.cleanaway.com.au/location/altona/,2024-07-26 00:04:44,VIC,3018
SVC1006,Cleanaway Altona - Solid Waste Services,"72/80 Harcourt Rd, Altona, VIC, 3018",-37.850366199805535,-37.850366199805535,Office,https://www.cleanaway.com.au/location/altona/,2024-07-26 00:04:44,VIC,3018
SVC1007,Cleanaway Armidale - Solid Waste Services,"288 Mann St, Armidale, NSW, 2350",-30.51527835194161,-30.51527835194161,Solid waste services,https://www.cleanaway.com.au/location/armidale/,2024-07-26 00:04:51,NSW,2350
SVC1008,Artarmon Resource Recovery Centre,"12 Lancely Place, Artarmon. NSW 2064",-33.81941739932726,-33.81941739932726,Solid waste services,https://www.cleanaway.com.au/location/cleanaway-artarmon-resource-recovery-centre/,2024-07-26 00:04:57,NSW,2064
SVC1009,Cleanaway Ashmore Solid Waste Services,"50-60 Harper St, Molendinar QLD 4214",-27.9851011151081,-27.9851011151081,Solid waste services,https://www.cleanaway.com.au/location/ashmore/,2024-07-26 00:05:05,QLD,4214
SVC1010,Auburn Resource Recovery Centre,"Old Hill Link, Sydney Olympic Park, NSW 2217",-33.84398343886091,-33.84398343886091,Solid waste services,https://www.cleanaway.com.au/location/cleanaway-auburn-resource-recovery-centre/,2024-07-26 00:05:14,NSW,2217
SVC1011,Cleanaway Ayr - Solid Waste Services,"Mackenzie Street, Ayr, QLD, 4807",-19.56460801156244,-19.56460801156244,Solid waste services,https://www.cleanaway.com.au/location/ayr/,2024-07-26 00:05:21,QLD,4807
SVC1011,Cleanaway Ayr - Solid Waste Services,"Mackenzie Street, Ayr, QLD, 4807",-19.56460801156244,-19.56460801156244,Office,https://www.cleanaway.com.au/location/ayr/,2024-07-26 00:05:21,QLD,4807
SVC1012,Cleanaway Bairnsdale Solid Waste Services,"57 Forge Creek Road, Bairnsdale, VIC, 3875",-37.83739425485061,-37.83739425485061,Solid waste services,https://www.cleanaway.com.au/location/bairnsdale/,2024-07-26 00:05:28,VIC,3875
SVC1013,Cleanaway Batemans Bay - Solid Waste Services,"36 Cranbrook Road, Batemans Bay, NSW, 2536",-35.720454277209235,-35.720454277209235,Solid waste services,https://www.cleanaway.com.au/location/batemans-bay/,2024-07-26 00:05:35,NSW,2536
SVC1013,Cleanaway Batemans Bay - Solid Waste Services,"36 Cranbrook Road, Batemans Bay, NSW, 2536",-35.720454277209235,-35.720454277209235,Office,https://www.cleanaway.com.au/location/batemans-bay/,2024-07-26 00:05:35,NSW,2536
SVC1014,Cleanaway Bathurst - Solid Waste Services,"22 Upfold Street, Bathurst, NSW, 2795",-33.426071238905635,-33.426071238905635,Solid waste services,https://www.cleanaway.com.au/location/bathurst-2/,2024-07-26 00:05:43,NSW,2795
SVC1014,Cleanaway Bathurst - Solid Waste Services,"22 Upfold Street, Bathurst, NSW, 2795",-33.426071238905635,-33.426071238905635,Office,https://www.cleanaway.com.au/location/bathurst-2/,2024-07-26 00:05:43,NSW,2795
SVC1015,Cleanaway Bega - Solid Waste Services,"116 Kerrison Lane, Bega, NSW, 2550",-36.71134645576057,-36.71134645576057,Solid waste services,https://www.cleanaway.com.au/location/bega/,2024-07-26 00:05:48,NSW,2550
SVC1015,Cleanaway Bega - Solid Waste Services,"116 Kerrison Lane, Bega, NSW, 2550",-36.71134645576057,-36.71134645576057,Office,https://www.cleanaway.com.au/location/bega/,2024-07-26 00:05:48,NSW,2550
SVC1016,Cleanaway Belrose Resource Recovery Centre,"End of Crozier Road, Belrose. NSW 2085",-33.71595868590502,-33.71595868590502,Solid waste services,https://www.cleanaway.com.au/location/cleanaway-belrose-resource-recovery-centre/,2024-07-26 00:05:54,NSW,2085
SVC1017,Benalla,"13 Enterprise Dr, Benalla, VIC, 3672",-36.543278,-36.543278,Solid waste services,https://www.cleanaway.com.au/location/benalla/,2024-07-26 00:06:01,VIC,3672
SVC1018,Cleanaway Beresfield Newcastle - Solid Waste Services,"16 Canavan Drive, Beresfield, NSW, 2320",-32.79962745880024,-32.79962745880024,Solid waste services,https://www.cleanaway.com.au/location/beresfield/,2024-07-26 00:06:08,NSW,2320
SVC1019,Cleanaway Beresfield CDS Depot,"2 Balbu Close, Beresfield, NSW, 2322",-32.80884244561758,-32.80884244561758,Miscellaneous,https://www.cleanaway.com.au/location/beresfield-cds-depot/,2024-07-26 00:06:16,NSW,2322
SVC1020,Cleanaway Beresfield - Solid Waste Services,"2 Balbu Close, Beresfield, NSW, 2322",-32.80876,-32.80876,Solid waste services,https://www.cleanaway.com.au/location/beresfield-solid-waste/,2024-07-26 00:06:25,NSW,2322
SVC1021,Cleanaway Bohle – Liquid Waste Services,"96-102 Enterprise Street, Bohle, QLD, 4818",-19.254033568829477,-19.254033568829477,Liquid waste services,https://www.cleanaway.com.au/location/bohle/,2024-07-26 00:06:31,QLD,4818
SVC1021,Cleanaway Bohle – Liquid Waste Services,"96-102 Enterprise Street, Bohle, QLD, 4818",-19.254033568829477,-19.254033568829477,Industrial waste services,https://www.cleanaway.com.au/location/bohle/,2024-07-26 00:06:31,QLD,4818
SVC1022,Cleanaway Bohle - Solid Waste Services,"77-97 Enterprise Street, Bohle, QLD, 4818",-19.254777104275867,-19.254777104275867,Solid waste services,https://www.cleanaway.com.au/location/bohle-2/,2024-07-26 00:06:39,QLD,4818
SVC1023,Cleanaway Bowen - Solid Waste Services,"Reynolds St &, Norris St, Bowen QLD 4805",-20.011933975163764,-20.011933975163764,Solid waste services,https://www.cleanaway.com.au/location/bowen/,2024-07-26 00:06:49,QLD,4805
SVC1024,Cleanaway Brooklyn Resource Recovery Centre,"174 Old Geelong Road, Brooklyn, VIC, 3012",-37.81864883651084,-37.81864883651084,Solid waste services,https://www.cleanaway.com.au/location/brooklyn/,2024-07-26 00:06:56,VIC,3012
SVC1025,Cleanaway Broome Solids Waste Services,"18 Archer St, Broome, WA, 6725",-17.981996102562615,-17.981996102562615,Solid waste services,https://www.cleanaway.com.au/location/broome/,2024-07-26 00:07:01,WA,6725
SVC1026,Cleanaway Buckley Grove Moolap Depot,"61-65 Buckley Grove, Moolap, VIC 3224",-38.16508975539242,-38.16508975539242,Solid waste services,https://www.cleanaway.com.au/location/buckley-grove-moolap/,2024-07-26 00:07:08,VIC,3224
SVC1027,Cleanaway Bundaberg East - Solid Waste Services,"Shed 7 - No. 9 Steptoe Street, East Bundaberg, QLD, 4670",-24.864322017617887,-24.864322017617887,Solid waste services,https://www.cleanaway.com.au/location/bundaberg-2/,2024-07-26 00:07:17,QLD,4670
SVC1028,Cleanaway Bundaberg Liquid Waste Services,"46 University Drive, Bundaberg, QLD, 4670",-24.898466154218628,-24.898466154218628,Liquid waste services,https://www.cleanaway.com.au/location/bundaberg/,2024-07-26 00:07:24,QLD,4670
SVC1029,Cleanaway Burleigh Heads Industrial Waste Services,"11 Alex Fisher Drive, Burleigh Heads, QLD, 4220",-28.104142115144693,-28.104142115144693,Industrial waste services,https://www.cleanaway.com.au/location/burleigh-heads/,2024-07-26 00:07:31,QLD,4220
SVC1030,Cleanaway Cairns - Woree Liquid Waste Services,"44-46 Links Dr, Woree, QLD, 4868",-16.957918274408513,-16.957918274408513,Liquid waste services,https://www.cleanaway.com.au/location/woree/,2024-07-26 00:07:40,QLD,4868
SVC1031,Cairns Greenbank Rd,"63 Greenbank Road, Stratford, QLD, 4870",-16.8695734,-16.8695734,Office,https://www.cleanaway.com.au/location/cairns-greenbank-rd/,2024-07-26 00:07:47,QLD,4870
SVC1032,Cleanaway Campbellfield Contaminated Water and Workshop Waste Services,"126 Barry Road, Campbellfield, VIC, 3061",-37.66724202087309,-37.66724202087309,Liquid waste services,https://www.cleanaway.com.au/location/campbellfield/,2024-07-26 00:07:49,VIC,3061
SVC1033,Campbellfield ERS,"84-86 Lara Way, Campbellfield, VIC, 3061",-37.66724293021068,-37.66724293021068,Office,https://www.cleanaway.com.au/location/campbellfield-ers/,2024-07-26 00:07:54,VIC,3061
SVC1033,Campbellfield ERS,"84-86 Lara Way, Campbellfield, VIC, 3061",-37.66724293021068,-37.66724293021068,Public Waste Drop-off,https://www.cleanaway.com.au/location/campbellfield-ers/,2024-07-26 00:07:54,VIC,3061
SVC1034,Cleanaway Chadwick - Solid Waste Services,"41 Simpson Street, Chadwick, WA, 6450",-33.83934506120301,-33.83934506120301,Solid waste services,https://www.cleanaway.com.au/location/esperance-chadwick/,2024-07-26 00:08:01,WA,6450
SVC1034,Cleanaway Chadwick - Solid Waste Services,"41 Simpson Street, Chadwick, WA, 6450",-33.83934506120301,-33.83934506120301,Office,https://www.cleanaway.com.au/location/esperance-chadwick/,2024-07-26 00:08:01,WA,6450
SVC1035,Cleanaway Clarinda Carroll Road Landfill,"Carroll Road, Clarinda, VIC, 3169",-37.932723984843136,-37.932723984843136,Miscellaneous,https://www.cleanaway.com.au/location/clarinda/,2024-07-26 00:08:09,VIC,3169
SVC1036,Cleanaway Clayton South Resource Recovery Centre,"cnr Fraser Rd & Deals Rd, Clayton South, VIC, 3169",-37.94525778103721,-37.94525778103721,Solid waste services,https://www.cleanaway.com.au/location/clayton-resource-recovery-centre/,2024-07-26 00:08:14,VIC,3169
SVC1037,Cleanaway Coffs Harbour - Solid Waste Depot,"754 Pacific Hwy, Boambee, NSW, 2450",-30.34413261205187,-30.34413261205187,Solid waste services,https://www.cleanaway.com.au/location/coffs-harbour/,2024-07-26 00:08:23,NSW,2450
SVC1038,﻿Cleanaway Coolaroo Material Recovery Facility,"94 Maffra Street, Coolaroo, Vic, 3048",-37.65780523582004,-37.65780523582004,Solid waste services,https://www.cleanaway.com.au/location/coolaroo/,2024-07-26 00:08:30,VIC,3048
SVC1039,Cleanaway Craiglie - Solid Waste Services,"10 Teamsters Close, Craiglie, QLD, 4877",-16.538147,-16.538147,Solid waste services,https://www.cleanaway.com.au/location/craiglie/,2024-07-26 00:08:37,QLD,4877
SVC1040,Cleanaway Crestmead - Liquid Waste Services,"10 Platinum Street, Crestmead, QLD, 4132",-27.67874837810533,-27.67874837810533,Liquid waste services,https://www.cleanaway.com.au/location/crestmead/,2024-07-26 00:08:44,QLD,4132
SVC1041,Cleanaway Dandenong Liquid Waste Services,"88-92 Ordish Road, Dandenong South, VIC, 3175",-38.0256031576796,-38.0256031576796,Liquid waste services,https://www.cleanaway.com.au/location/dandenong-south-twt/,2024-07-26 00:08:51,VIC,3175
SVC1042,"Cleanaway Dandenong Oil, Workshop, and Parts Washer Waste Services","19-21 Berends Drive, Dandenong South, VIC, 3175",-38.02921405347477,-38.02921405347477,Liquid waste services,https://www.cleanaway.com.au/location/dandenong-south-nwo/,2024-07-26 00:08:57,VIC,3175
SVC1043,Cleanaway Dandenong South SEMTS - Solid Waste Services,"73-85 Thomas Murrell Crescent, Dandenong South, Victoria, 3175",-38.02157293522325,-38.02157293522325,Solid waste services,https://www.cleanaway.com.au/location/dandenong-semts/,2024-07-26 00:09:02,VIC,3175
SVC1043,Cleanaway Dandenong South SEMTS - Solid Waste Services,"73-85 Thomas Murrell Crescent, Dandenong South, Victoria, 3175",-38.02157293522325,-38.02157293522325,Transfer Station,https://www.cleanaway.com.au/location/dandenong-semts/,2024-07-26 00:09:02,VIC,3175
SVC1044,Dandenong Skin & Hyde,"91 Ordish Road, Dandenong, VIC, 3175",-38.0235617,-38.0235617,Office,https://www.cleanaway.com.au/location/dandenong-skin-hyde/,2024-07-26 00:09:06,VIC,3175
SVC1045,Cleanaway Dandenong South Solid Waste Depot,349 Perry Road Dandenong South VIC 3175 Australia,-38.03302757295915,-38.03302757295915,Solid waste services,https://www.cleanaway.com.au/location/dandenong-south-solid-waste-depot/,2024-07-26 00:09:14,VIC,3175
SVC1046,Cleanaway Dandenong South - Solid Waste Services,"72/76 Thomas Murrell Cres, Dandenong South, VIC, 3175",-38.02104115065446,-38.02104115065446,Solid waste services,https://www.cleanaway.com.au/location/dandenong-south/,2024-07-26 00:09:24,VIC,3175
SVC1047,Cleanaway Daniels Bibra Lake - Medical Waste Services,"19 Coolibah Way, Bibra Lake, WA, 6163",-32.11182749087542,-32.11182749087542,Cleanaway Daniels,https://www.cleanaway.com.au/location/bibra-lake/,2024-07-26 00:09:32,WA,6163
SVC1048,Cleanaway Daniels Dandenong South - Medical Waste Services,"34-36 Cahill Street, Dandenong South, VIC, 3175",-38.02640825790237,-38.02640825790237,Cleanaway Daniels,https://www.cleanaway.com.au/location/cleanaway-daniels-dandenong/,2024-07-26 00:09:40,VIC,3175
SVC1049,Cleanaway Daniels Laverton North - Health Services,"110 Dohertys Road, Laverton North, VIC, 3026",-37.828075937035166,-37.828075937035166,Cleanaway Daniels,https://www.cleanaway.com.au/location/cleanaway-daniels-laverton-north/,2024-07-26 00:09:47,VIC,3026
SVC1050,Cleanaway Daniel’s Mitchell – Medical Waste Services,"Building 1, 9 Sandford Street, Mitchell, ACT, 2911",-35.22250147154668,-35.22250147154668,Miscellaneous,https://www.cleanaway.com.au/location/mitchell/,2024-07-26 00:09:55,ACT,2911
SVC1051,Cleanaway Daniels Silverwater – Medical Waste Services,"41 Vore Street (Units 1 & 2, 108-120 Silverwater Rd), Silverwater, NSW, 2128",-33.83478498364579,-33.83478498364579,Cleanaway Daniels,https://www.cleanaway.com.au/location/cleanaway-daniels-vore-street-silverwater/,2024-07-26 00:10:00,NSW,2128
SVC1052,Cleanaway Daniels Wiblin Street Silverwater – Medical Waste Services,"2-12-16 Wiblin Street, Silverwater, NSW, 2128",-33.8366922261095,-33.8366922261095,Cleanaway Daniels,https://www.cleanaway.com.au/location/cleanaway-daniels-wiblin-street-silverwater/,2024-07-26 00:10:08,NSW,2128
SVC1053,Cleanaway Daniels Wingfield - Medical Waste Services,"44-46 Francis Rd, Wingfield, SA, 5017",-34.84472759356661,-34.84472759356661,Cleanaway Daniels,https://www.cleanaway.com.au/location/cleanaway-daniels-wingfield/,2024-07-26 00:10:15,SA,5017
SVC1054,Cleanaway Daniels Yatala - Medical Waste Services,"Unit 4/63 Burnside Road, Yatala, QLD, 4207",-27.74922478049947,-27.74922478049947,Cleanaway Daniels,https://www.cleanaway.com.au/location/cleanaway-daniels-yatala/,2024-07-26 00:10:22,QLD,4207
SVC1055,Cleanaway Dardanup Solid Waste Services,"Lot 2, Banksia Road, Dardanup, WA, 6236",-33.42629127314418,-33.42629127314418,Solid waste services,https://www.cleanaway.com.au/location/dardanup/,2024-07-26 00:10:29,WA,6236
SVC1056,Cleanaway Darra Industrial Waste Services,"20-28 Machinery Street, Darra, QLD, 4076",-27.578280348233992,-27.578280348233992,Industrial waste services,https://www.cleanaway.com.au/location/darra/,2024-07-26 00:10:32,QLD,4076
SVC1057,Cleanaway Dawesville Solid Waste Services,"Tims Thicket Road, Dawesville, WA, 6211",-32.65237916212816,-32.65237916212816,Solid waste services,https://www.cleanaway.com.au/location/dawesville/,2024-07-26 00:10:39,WA,6211
SVC1058,Cleanaway Delacombe - Solid Waste Services,"20 Douglas Street, Delacombe, VIC, 3350",-37.57480062234263,-37.57480062234263,Solid waste services,https://www.cleanaway.com.au/location/delacombe/,2024-07-26 00:10:44,VIC,3350
SVC1058,Cleanaway Delacombe - Solid Waste Services,"20 Douglas Street, Delacombe, VIC, 3350",-37.57480062234263,-37.57480062234263,Office,https://www.cleanaway.com.au/location/delacombe/,2024-07-26 00:10:44,VIC,3350
SVC1059,Cleanaway Derby Solid Waste Services,"Lot 909 Millard Street, Derby, WA, 6728",-17.317786617399953,-17.317786617399953,Solid waste services,https://www.cleanaway.com.au/location/derby/,2024-07-26 00:10:52,WA,6728
SVC1060,Cleanaway Derwent Park MRF,"127 Derwent Park Road, Derwent Park TAS 7009",-42.8345726871458,-42.8345726871458,Solid waste services,https://www.cleanaway.com.au/location/derwent-park/,2024-07-26 00:10:59,TAS,7009
SVC1061,Cleanaway Doonan - Solid Waste Services,"561 Eumundi Noosa Rd, Doonan, QLD, 45674566",-26.435816,-26.435816,Solid waste services,https://www.cleanaway.com.au/location/noosaville/,2024-07-26 00:11:03,QLD,4567
SVC1062,Cleanaway Dubbo - Solid Waste Services,"2/2 Jannali Road, West Dubbo, NSW, 2830",-32.2415533993811,-32.2415533993811,Solid waste services,https://www.cleanaway.com.au/location/dubbo/,2024-07-26 00:11:14,NSW,2830
SVC1062,Cleanaway Dubbo - Solid Waste Services,"2/2 Jannali Road, West Dubbo, NSW, 2830",-32.2415533993811,-32.2415533993811,Office,https://www.cleanaway.com.au/location/dubbo/,2024-07-26 00:11:14,NSW,2830
SVC1063,Cleanaway Dundowran CDS Depot,"9 Industrial Ave. Dundowran, QLD, 4655",-25.295948827561027,-25.295948827561027,Solid waste services,https://www.cleanaway.com.au/location/dundowran-depot/,2024-07-26 00:11:22,QLD,4655
SVC1064,Cleanaway East Bendigo - Solid Waste Services,"63-69 Beischer Street, East Bendigo, VIC, 3551",-36.75230709865194,-36.75230709865194,Solid waste services,https://www.cleanaway.com.au/location/bendigo/,2024-07-26 00:11:27,VIC,3551
SVC1064,Cleanaway East Bendigo - Solid Waste Services,"63-69 Beischer Street, East Bendigo, VIC, 3551",-36.75230709865194,-36.75230709865194,Office,https://www.cleanaway.com.au/location/bendigo/,2024-07-26 00:11:27,VIC,3551
SVC1065,Cleanaway Eastern Creek Solids Waste Services,"1A Raffles Glade, Eastern Creek, NSW, 2766",-33.79913305824948,-33.79913305824948,Solid waste services,https://www.cleanaway.com.au/location/eastern-creek/,2024-07-26 00:11:34,NSW,2766
SVC1066,Cleanaway Emerald - Solid Waste Services,"23 Cotton View Rd, Emerald, QLD, 4720",-23.50416947847322,-23.50416947847322,Solid waste services,https://www.cleanaway.com.au/location/emerald/,2024-07-26 00:11:41,QLD,4720
SVC1067,Cleanaway Erskine Park Landfill,"85-87 Quarry Road, Erskine Park NSW 2759",-33.81832018464325,-33.81832018464325,Solid waste services,https://www.cleanaway.com.au/location/erskine-park-landfill/,2024-07-26 00:11:46,NSW,2759
SVC1068,Cleanaway Erskine Park - Solid Waste Services,"48 Quarry Road, Erskine Park, NSW, 2759",-33.81914272186035,-33.81914272186035,Solid waste services,https://www.cleanaway.com.au/location/erskine-park-solid-waste/,2024-07-26 00:11:54,NSW,2759
SVC1069,Erskine Park Transfer Station,"85-87 Quarry Road, Erskine Park, NSW, 2759",-33.8188823594222,-33.8188823594222,Transfer Station,https://www.cleanaway.com.au/location/erskine-park-transfer-station/,2024-07-26 00:11:58,NSW,2759
SVC1069,Erskine Park Transfer Station,"85-87 Quarry Road, Erskine Park, NSW, 2759",-33.8188823594222,-33.8188823594222,Office,https://www.cleanaway.com.au/location/erskine-park-transfer-station/,2024-07-26 00:11:58,NSW,2759
SVC1070,Cleanaway Geraldton-Webberton Solid Waste Services,"11 Connolly Street, Webberton , WA, 6530",-28.74827835685485,-28.74827835685485,Solid waste services,https://www.cleanaway.com.au/location/webberton/,2024-07-26 00:12:03,WA,6530
SVC1071,Cleanaway Gladstone - Industrial Waste Services,"41 Guerassimoff Road, Gladstone, QLD, 4680",-23.80979455426217,-23.80979455426217,Industrial waste services,https://www.cleanaway.com.au/location/yarwun/,2024-07-26 00:12:12,QLD,4680
SVC1072,Cleanaway Glendenning - Liquid Waste Services,"6-8 Rayben Street, Glendenning, NSW, 2761",-33.75056846092886,-33.75056846092886,Liquid waste services,https://www.cleanaway.com.au/location/glendenning/,2024-07-26 00:12:16,NSW,2761
SVC1073,Cleanaway Glendenning Municipal Collections Site,"43 Cox Place, Glendenning NSW 2761",-33.7491765448081,-33.7491765448081,Solid waste services,https://www.cleanaway.com.au/location/cox-place-glendenning/,2024-07-26 00:12:23,NSW,2761
SVC1074,Cleanaway Glenorchy Solid Waste Services,1 Mckay Avenue Glenorchy TAS 7010,-42.82819751549476,-42.82819751549476,Solid waste services,https://www.cleanaway.com.au/location/glenorchy/,2024-07-26 00:12:28,TAS,7010
SVC1075,Cleanaway Grafton Depot,"Shed 35, 160-170 North Street, Grafton, NSW, 2460",-29.670985262627195,-29.670985262627195,Miscellaneous,https://www.cleanaway.com.au/location/grafton/,2024-07-26 00:12:36,NSW,2460
SVC1076,Cleanaway Greenacre - Solid Waste Services,"44 Claremont Avenue, Greenacre, NSW, 2190",-33.901456652112174,-33.901456652112174,Solid waste services,https://www.cleanaway.com.au/location/greenacre/,2024-07-26 00:12:42,NSW,2190
SVC1077,Cleanaway Griffith - Solid Waste Services,"88 Wakaden Street, Griffith, NSW, 2680",-34.288498,-34.288498,Solid waste services,https://www.cleanaway.com.au/location/griffith/,2024-07-26 00:12:48,NSW,2680
SVC1078,Cleanaway Gympie - Solid Waste Services,"19 Dennis Little Drive, Gympie, QLD, 4570",-26.223868,-26.223868,Solid waste services,https://www.cleanaway.com.au/location/gympie/,2024-07-26 00:12:54,QLD,4570
SVC1079,Cleanaway Hallam Material Recovery Transfer Station,"39 Wedgewood Drive, Hallam, Vic, 3803",-38.0086916161689,-38.0086916161689,Transfer Station,https://www.cleanaway.com.au/location/hallam/,2024-07-26 00:13:02,VIC,3803
SVC1080,Cleanaway Heatherbrae Liquid Waste Services,"42 Heather Street, Heatherbrae, NSW, 2324",-32.78798584680819,-32.78798584680819,Liquid waste services,https://www.cleanaway.com.au/location/heatherbrae/,2024-07-26 00:13:09,NSW,2324
SVC1081,Hemmant Packaging Waste Recycling: Cardboard Paper Plastics,"94 Anton Road, Hemmant, QLD, 4174",-27.431895041434345,-27.431895041434345,Miscellaneous,https://www.cleanaway.com.au/location/hemmant/,2024-07-26 00:13:19,QLD,4174
SVC1082,Cleanaway Henderson Waste Water Treatment Facility,"24 Stuart Drive, Henderson, WA, 6166",-32.16433268677475,-32.16433268677475,Liquid waste services,https://www.cleanaway.com.au/location/henderson/,2024-07-26 00:13:25,WA,6166
SVC1083,Cleanaway Hervey Bay – MRF,"48-50 Industrial Ave.Dundowran, Hervey Bay, QLD, 4655",-25.29723080693281,-25.29723080693281,Solid waste services,https://www.cleanaway.com.au/location/dundowran/,2024-07-26 00:13:32,QLD,4655
SVC1084,Cleanaway Hervey Bay Municipal,"18-20 Ellengowan Street, Urangan, Hervey Bay, QLD, 4655",-25.316874658210253,-25.316874658210253,Solid waste services,https://www.cleanaway.com.au/location/urangan/,2024-07-26 00:13:42,QLD,4655
SVC1085,Cleanaway Holtze Solid Waste Depot,"875 Stuart Highway, Holtze, NT, 0829",-12.452588140179698,-12.452588140179698,Liquid waste services,https://www.cleanaway.com.au/location/darwin-holtze/,2024-07-26 00:13:49,NT,0829
SVC1085,Cleanaway Holtze Solid Waste Depot,"875 Stuart Highway, Holtze, NT, 0829",-12.452588140179698,-12.452588140179698,Industrial waste services,https://www.cleanaway.com.au/location/darwin-holtze/,2024-07-26 00:13:49,NT,0829
SVC1086,Cleanaway Hume - Solid Waste Services,"88 Sawmill Cct, Hume, ACT, 2620",-35.39688911546692,-35.39688911546692,Solid waste services,https://www.cleanaway.com.au/location/hume/,2024-07-26 00:13:56,ACT,2620
SVC1087,Cleanaway Inkerman - Solid Waste Services,"Landfill Waste Service Prime Road, Inkerman, SA, 5501",-34.283768033796704,-34.283768033796704,Solid waste services,https://www.cleanaway.com.au/location/inkerman/,2024-07-26 00:14:03,SA,5501
SVC1088,Cleanaway Innisfail - Solid Waste Services,"70 Goondi Mill Road, Innisfail, QLD, 4860",-17.51205952580729,-17.51205952580729,Solid waste services,https://www.cleanaway.com.au/location/innisfail/,2024-07-26 00:14:18,QLD,4860
SVC1089,Cleanaway Invermay - Liquid & Industrial Waste Services,"29 Churchill Park Dr, Invermay, TAS, 7248",-41.417534657925245,-41.417534657925245,Liquid waste services,https://www.cleanaway.com.au/location/invermay/,2024-07-26 00:14:31,TAS,7248
SVC1090,Cleanaway Kalgoorlie - Solid Waste Services,"5 Carnegie Street, Kalgoorlie, WA, 6430",-30.7858236500685,-30.7858236500685,Solid waste services,https://www.cleanaway.com.au/location/kalgoorlie-2/,2024-07-26 00:14:37,WA,6430
SVC1091,Kalgoorlie Waste Depot,"5, Carnegie St. Broadwood Western Australia, 6430",-30.78590146457046,-30.78590146457046,Miscellaneous,https://www.cleanaway.com.au/location/kalgoorlie-boulder-csw/,2024-07-26 00:14:49,WA,6430
SVC1092,Cleanaway Karratha Industrial Waste Services,"Lot 126 Tom Price Road, Cooya Pooya, WA 6714",-20.8070954635893,-20.8070954635893,Industrial waste services,https://www.cleanaway.com.au/location/karratha-industrial-services/,2024-07-26 00:15:00,WA,6714
SVC1093,Cleanaway Karratha - Solid Waste Depot,"Lot 609 Warlu Rd, Cooya Pooya WA 6714",-20.811025148568405,-20.811025148568405,Solid waste services,https://www.cleanaway.com.au/location/karratha/,2024-07-26 00:15:05,WA,6714
SVC1094,Cleanaway Katherine - Solid Waste Services,"2 Murray Street, Katherine, NT, 0850",-14.483119441103426,-14.483119441103426,Solid waste services,https://www.cleanaway.com.au/location/katherine/,2024-07-26 00:15:14,NT,0850
SVC1095,Cleanaway Katoomba – Solid Waste Services,"41 Barton Street, Katoomba, NSW, 2780",-33.70124863930182,-33.70124863930182,Solid waste services,https://www.cleanaway.com.au/location/katoomba/,2024-07-26 00:15:23,NSW,2780
SVC1095,Cleanaway Katoomba – Solid Waste Services,"41 Barton Street, Katoomba, NSW, 2780",-33.70124863930182,-33.70124863930182,Office,https://www.cleanaway.com.au/location/katoomba/,2024-07-26 00:15:23,NSW,2780
SVC1096,Cleanaway Kemps Creek Resource Recovery Park,"1725 Elizabeth Drive, Kemps Creek. NSW 2178",-33.86945869624841,-33.86945869624841,Solid waste services,https://www.cleanaway.com.au/location/cleanaway-kemps-creek-resource-recovery-park/,2024-07-26 00:15:36,NSW,2178
SVC1097,Cleanaway Kooragang - Industrial Waste Services,"19 Egret Street, Kooragang, NSW, 2304",-32.88018550749655,-32.88018550749655,Industrial waste services,https://www.cleanaway.com.au/location/kooragang-industrial/,2024-07-26 00:15:41,NSW,2304
SVC1098,Cleanaway Kooragang TTS – Liquid Waste Services,"47 Raven Street, Kooragang Island, NSW, 2304",-32.88023893004462,-32.88023893004462,Liquid waste services,https://www.cleanaway.com.au/location/kooragang-tts/,2024-07-26 00:15:48,NSW,2304
SVC1099,Cleanaway Koorlong Mildura Solid Waste Service,"428 Magnum Avenue, Koorlong (Mildura), VIC, 3500",-34.3392551,-34.3392551,Office,https://www.cleanaway.com.au/location/koorlong/,2024-07-26 00:15:58,VIC,3500
SVC1100,Kronkup,"Lower Denmark Road, Kronkup, WA, 6330",-35.0207326,-35.0207326,Office,https://www.cleanaway.com.au/location/kronkup/,2024-07-26 00:16:03,WA,6330
SVC1101,Cleanaway Kununurra Depot,"1 Kentia Way, Kununurra , WA, 6743",-15.757934871018726,-15.757934871018726,Solid waste services,https://www.cleanaway.com.au/location/kununurra/,2024-07-26 00:16:09,WA,6743
SVC1102,Cleanaway Kwinana - Industrial Waste Services,"27 Beach Street, Kwinana Beach, WA, 6167",-32.24411646774499,-32.24411646774499,Industrial waste services,https://www.cleanaway.com.au/location/kwinana/,2024-07-26 00:16:12,WA,6167
SVC1102,Cleanaway Kwinana - Industrial Waste Services,"27 Beach Street, Kwinana Beach, WA, 6167",-32.24411646774499,-32.24411646774499,Office,https://www.cleanaway.com.au/location/kwinana/,2024-07-26 00:16:12,WA,6167
SVC1103,Cleanaway Kwinana - Technical and Environmental Services,"Lot 4 Mason Road, Kwinana Beach, WA, 6167",-32.224363166799755,-32.224363166799755,Liquid waste services,https://www.cleanaway.com.au/location/kwinana-tes/,2024-07-26 00:16:22,WA,6167
SVC1104,Cleanaway Laverton MRF and Plastic Recovery Facility,"32 Gilbertson Rd, Laverton, Vic, 3026",-37.82160991723898,-37.82160991723898,Solid waste services,https://www.cleanaway.com.au/location/laverton-mrf/,2024-07-26 00:16:28,VIC,3026
SVC1105,Cleanaway Laverton Technical Waste Services,"83 Dohertys Road, Laverton North, VIC, 3026",-37.829259684202576,-37.829259684202576,Liquid waste services,https://www.cleanaway.com.au/location/laverton-north/,2024-07-26 00:16:33,VIC,3026
SVC1106,Cleanaway Leongatha Municipal Solid Waste Services,"1 Cusack Rd, Leongatha, VIC, 3953",-38.46515802548319,-38.46515802548319,Solid waste services,https://www.cleanaway.com.au/location/leongatha/,2024-07-26 00:16:40,VIC,3953
SVC1106,Cleanaway Leongatha Municipal Solid Waste Services,"1 Cusack Rd, Leongatha, VIC, 3953",-38.46515802548319,-38.46515802548319,Office,https://www.cleanaway.com.au/location/leongatha/,2024-07-26 00:16:40,VIC,3953
SVC1107,Cleanaway Lismore CDS Solid Waste Depot,"17 Habib Drive, Lismore, NSW, 2480",-28.822906277110995,-28.822906277110995,Solid waste services,https://www.cleanaway.com.au/location/lismore/,2024-07-26 00:16:46,NSW,2480
SVC1108,Cleanaway Lonsdale - Solid Waste Services,"Lot 79 Liston Road, Lonsdale, SA, 5160",-35.096019826247016,-35.096019826247016,Solid waste services,https://www.cleanaway.com.au/location/lonsdale-lot-79-liston-road/,2024-07-26 00:16:51,SA,5160
SVC1109,Cleanaway Lonsdale - Waste and Recycling Depot,"10 Donegal Road , Lonsdale, SA, 5160",-35.11899613364654,-35.11899613364654,Miscellaneous,https://www.cleanaway.com.au/location/lonsdale-sawaste/,2024-07-26 00:16:59,SA,5160
SVC1110,Lucas Heights Organic Resource Recovery Facility,"Little Forest Road, Lucas Heights. NSW 2234",-34.0458007,-34.0458007,Solid waste services,https://www.cleanaway.com.au/location/cleanaway-lucas-heights-orrf/,2024-07-26 00:17:05,NSW,2234
SVC1111,Cleanaway Lucas Heights Resource Recovery Park,"Little Forest Road, Lucas Heights. NSW 2234",-34.04483428673299,-34.04483428673299,Solid waste services,https://www.cleanaway.com.au/location/cleanaway-lucas-heights-rrp/,2024-07-26 00:17:13,NSW,2234
SVC1112,Cleanaway Lysterfield Resource Recovery Centre,"840 Wellington Road, Lysterfield, VIC, 3156",-37.943951894124,-37.943951894124,Solid waste services,https://www.cleanaway.com.au/location/lysterfield/,2024-07-26 00:17:19,VIC,3156
SVC1113,Maddington Jade Street,"22-24 Jade Street, Maddington, WA, 6109",-32.03925999544982,-32.03925999544982,Miscellaneous,https://www.cleanaway.com.au/location/maddington-2/,2024-07-26 00:17:26,WA,6109
SVC1114,Maddington Kenwick Rd Liquid Waste Services,"280 Kenwick Road, Maddington, WA, 6109",-32.02958970620715,-32.02958970620715,Liquid waste services,https://www.cleanaway.com.au/location/maddington-kenwick/,2024-07-26 00:17:33,WA,6109
SVC1115,Maddington Valencia Way,"Lot 579 Valencia Way, Maddington, WA, 6109",-32.03567189355669,-32.03567189355669,Miscellaneous,https://www.cleanaway.com.au/location/maddington/,2024-07-26 00:17:39,WA,6109
SVC1116,Cleanaway Malaga - Solid Waste Services,"171 Camboon Road, Malaga, WA, 6530",-31.866000861367517,-31.866000861367517,Solid waste services,https://www.cleanaway.com.au/location/malaga/,2024-07-26 00:17:46,WA,6530
SVC1117,Cleanaway Mandurah - Solid Waste Services,"101 Park Road, Mandurah, WA, 6210",-32.51531772998657,-32.51531772998657,Solid waste services,https://www.cleanaway.com.au/location/mandurah-2/,2024-07-26 00:17:52,WA,6210
SVC1118,Mandurah Tip: Transfer Station,"80 Corsican Pl, Parklands, WA, 6180",-32.504415610631085,-32.504415610631085,Transfer Station,https://www.cleanaway.com.au/location/mandurah/,2024-07-26 00:18:00,WA,6180
SVC1119,Cleanaway Manjimup — Solid Waste Depot,"9 Gandy Street, Manjimup, WA, 6258",-34.25550049801965,-34.25550049801965,Solid waste services,https://www.cleanaway.com.au/location/manjimup-solid-waste/,2024-07-26 00:18:09,WA,6258
SVC1120,Mansfield,"C/- Trans Ag. Withers Lane, Mansfield, VIC, 3722",-37.0521693,-37.0521693,Office,https://www.cleanaway.com.au/location/mansfield/,2024-07-26 00:18:16,VIC,3722
SVC1121,Cleanaway Margaret River Solid Waste Depot,"17 Auger Way, Margaret River, WA, 6285",-33.96672800321526,-33.96672800321526,Solid waste services,https://www.cleanaway.com.au/location/margaret-river/,2024-07-26 00:18:21,WA,6285
SVC1121,Cleanaway Margaret River Solid Waste Depot,"17 Auger Way, Margaret River, WA, 6285",-33.96672800321526,-33.96672800321526,Office,https://www.cleanaway.com.au/location/margaret-river/,2024-07-26 00:18:21,WA,6285
SVC1122,Cleanaway Melbourne Corporate Head Office,"Level 4, 441 St Kilda Road, Melbourne, VIC, 3004",-37.83943217730081,-37.83943217730081,Office,https://www.cleanaway.com.au/location/melbourne/,2024-07-26 00:18:27,VIC,3004
SVC1123,Cleanaway Mildura - Solid Waste Services,"359 Benetook Avenue, Mildura, VIC, 3500",-34.199754995397875,-34.199754995397875,Solid waste services,https://www.cleanaway.com.au/location/mildura/,2024-07-26 00:18:32,VIC,3500
SVC1123,Cleanaway Mildura - Solid Waste Services,"359 Benetook Avenue, Mildura, VIC, 3500",-34.199754995397875,-34.199754995397875,Liquid waste services,https://www.cleanaway.com.au/location/mildura/,2024-07-26 00:18:32,VIC,3500
SVC1124,Cleanaway Milton Corporate Office,"Level 7, 135 Coronation Drive, Milton, QLD, 4064",-27.470353744143598,-27.470353744143598,Office,https://www.cleanaway.com.au/location/milton/,2024-07-26 00:18:38,QLD,4064
SVC1125,Cleanaway Monash Solid Waste Transfer Station,"92 Hoskin Road, Monash, SA, 5342",-34.25684598862214,-34.25684598862214,Solid waste services,https://www.cleanaway.com.au/location/monash/,2024-07-26 00:18:45,SA,5342
SVC1126,Cleanaway Moranbah - Liquid Waste Services,"13 - 19 Thorpe Street, Moranbah, QLD, 4744",-21.98603455754195,-21.98603455754195,Liquid waste services,https://www.cleanaway.com.au/location/moranbah/,2024-07-26 00:18:50,QLD,4744
SVC1127,Cleanaway Morningside - Solid Waste Services,"42 Manton Street , Morningside, QLD, 4170",-27.452751757838957,-27.452751757838957,Solid waste services,https://www.cleanaway.com.au/location/morningside/,2024-07-26 00:18:56,QLD,4170
SVC1128,Cleanaway Mornington - Solid Waste Services,"12A Carbine Way, Mornington, VIC, 3931",-38.23047984961146,-38.23047984961146,Solid waste services,https://www.cleanaway.com.au/location/mornington-2/,2024-07-26 00:19:01,VIC,3931
SVC1128,Cleanaway Mornington - Solid Waste Services,"12A Carbine Way, Mornington, VIC, 3931",-38.23047984961146,-38.23047984961146,Office,https://www.cleanaway.com.au/location/mornington-2/,2024-07-26 00:19:01,VIC,3931
SVC1129,Cleanaway Morwell Industrial Waste Services,6-8 Wegner Street Morwell Victoria 3840,-38.22987945430703,-38.22987945430703,Industrial waste services,https://www.cleanaway.com.au/location/morwell-industrial-waste-services/,2024-07-26 00:19:10,VIC,3840
SVC1130,Cleanaway Morwell Solid Waste Services Municipal,"132-160 Princes Drive (Corser Rd), Morwell, VIC, 3840",-38.2335502609417,-38.2335502609417,Solid waste services,https://www.cleanaway.com.au/location/morwell-municipal/,2024-07-26 00:19:17,VIC,3840
SVC1131,Cleanaway Mount Gambier Depot,"7 Eucalypt Drive, Mount Gambier, SA, 5290",-37.84419478990542,-37.84419478990542,Solid waste services,https://www.cleanaway.com.au/location/mount-gambier/,2024-07-26 00:19:21,SA,5290
SVC1132,Cleanaway Mt. Isa - Liquid and Industrial Waste Services,"13 Northridge Rd, Kalkadoon, QLD, 4825",-20.688098241779148,-20.688098241779148,Liquid waste services,https://www.cleanaway.com.au/location/mt-isa/,2024-07-26 00:19:26,QLD,4825
SVC1133,Cleanaway Mulgrave Industrial Waste Services,"10-16 Geddes Street, Mulgrave, VIC, 3170",-37.90667170885494,-37.90667170885494,Industrial waste services,https://www.cleanaway.com.au/location/mulgrave/,2024-07-26 00:19:31,VIC,3170
SVC1134,Cleanaway Narangba – Hazardous Liquid Waste Services,"8-12 Krypton Street, Narangba, QLD, 4504",-27.198908583422064,-27.198908583422064,Liquid waste services,https://www.cleanaway.com.au/location/narangba-liquid-waste-services/,2024-07-26 00:19:41,QLD,4504
SVC1135,Cleanaway Narangba Solid Waste Municipal,"56 - 60 Saltwater Circuit, Narangba, QLD, 4504",-27.206933789931885,-27.206933789931885,Solid waste services,https://www.cleanaway.com.au/location/narangba-2/,2024-07-26 00:19:47,QLD,4504
SVC1136,Cleanaway Narangba Vacuum Truck Liquid Waste Services,"109 Potassium Street, Narangba, QLD, 4504",-27.2005386,-27.2005386,Miscellaneous,https://www.cleanaway.com.au/location/narangba/,2024-07-26 00:19:52,QLD,4504
SVC1137,Cleanaway Narangba Waste Facility,"26-32 Potassium Street, Narangba, QLD, 4504",-27.19965296246061,-27.19965296246061,Liquid waste services,https://www.cleanaway.com.au/location/narangba-3/,2024-07-26 00:19:58,QLD,4504
SVC1138,Cleanaway Narangba - Waste Transfer Station,"200 Potassium Street, Narangba, QLD, 4504",-27.198941361528483,-27.198941361528483,Solid waste services,https://www.cleanaway.com.au/location/narangba-transfer-station/,2024-07-26 00:20:04,QLD,4504
SVC1139,Cleanaway New Chum - Solid Waste Services,"100 Chum Street, New Chum, QLD, 4303",-27.607929297837284,-27.607929297837284,Solid waste services,https://www.cleanaway.com.au/location/new-chum/,2024-07-26 00:20:10,QLD,4303
SVC1140,Cleanaway Newman Solid Waste Depot,"1568 Woodstock street, Newman, WA, 6753",-23.37238971273152,-23.37238971273152,Solid waste services,https://www.cleanaway.com.au/location/newman/,2024-07-26 00:20:16,WA,6753
SVC1140,Cleanaway Newman Solid Waste Depot,"1568 Woodstock street, Newman, WA, 6753",-23.37238971273152,-23.37238971273152,Industrial waste services,https://www.cleanaway.com.au/location/newman/,2024-07-26 00:20:16,WA,6753
SVC1141,Cleanaway Newstead — Solid Waste Services,"37 Birch Avenue, Newstead, TAS, 7250",-41.43499492006276,-41.43499492006276,Miscellaneous,https://www.cleanaway.com.au/location/newstead/,2024-07-26 00:20:23,TAS,7250
SVC1142,Cleanaway Nhulunbuy - Industrial Waste Services,"1 Melville Bay Road, C/O Rio Tinto Gove Nhulunbuy, NT, 0880",-12.190803970805476,-12.190803970805476,Industrial waste services,https://www.cleanaway.com.au/location/nhulunbuy/,2024-07-26 00:20:28,NT,0880
SVC1143,Cleanaway Northgate - Solid Waste Services,"172 Crockford Street, Northgate, QLD, 4013",-27.389485848175312,-27.389485848175312,Solid waste services,https://www.cleanaway.com.au/location/northgate/,2024-07-26 00:20:34,QLD,4013
SVC1144,Cleanaway Nowra - Solid Waste Services,"7 Tom Thumb Avenue, Nowra, NSW, 2541",-34.91319521406604,-34.91319521406604,Solid waste services,https://www.cleanaway.com.au/location/nowra/,2024-07-26 00:20:39,NSW,2541
SVC1144,Cleanaway Nowra - Solid Waste Services,"7 Tom Thumb Avenue, Nowra, NSW, 2541",-34.91319521406604,-34.91319521406604,Office,https://www.cleanaway.com.au/location/nowra/,2024-07-26 00:20:39,NSW,2541
SVC1145,Cleanaway Orange Depot - Health Services,"Unit 1, 191 Byng Street, Orange, NSW, 2800",-33.28154054011117,-33.28154054011117,Miscellaneous,https://www.cleanaway.com.au/location/byng-st-orange/,2024-07-26 00:20:43,NSW,2800
SVC1146,Cleanaway Orange Liquid Waste Depot,"28 Leewood Drive, Orange, NSW, 2800",-33.31265210461621,-33.31265210461621,Liquid waste services,https://www.cleanaway.com.au/location/orange/,2024-07-26 00:20:49,NSW,2800
SVC1147,Cleanaway Oxley Solid Waste Services,"2145 Ipswich Road, Oxley, QLD, 4075",-27.56361920076197,-27.56361920076197,Solid waste services,https://www.cleanaway.com.au/location/oxley/,2024-07-26 00:20:54,QLD,4075
SVC1148,Cleanaway Padstow Liquid Waste Services,"12 Stuart Street, Padstow, NSW, 2211",-33.94460372431617,-33.94460372431617,Liquid waste services,https://www.cleanaway.com.au/location/padstow/,2024-07-26 00:20:59,NSW,2211
SVC1149,Cleanaway Paget Mackay - Liquids Waste Services,"Lot 3 Crichtons Rd, Paget, QLD, 4740",-21.192329001937534,-21.192329001937534,Liquid waste services,https://www.cleanaway.com.au/location/pagetmackay/,2024-07-26 00:21:05,QLD,4740
SVC1150,Cleanaway Paget Mackay - Solid Waste Services,"Lot 3 Crichtons Rd, Paget, QLD, 4740",-21.19235356780925,-21.19235356780925,Miscellaneous,https://www.cleanaway.com.au/location/cleanaway-paget-mackay-solid-waste-services/,2024-07-26 00:21:14,QLD,4740
SVC1151,Parkes NSW,"28 May Street, Parkes, NSW, 2600",-33.142893360569104,-33.142893360569104,Miscellaneous,https://www.cleanaway.com.au/location/parkes/,2024-07-26 00:21:20,NSW,2600
SVC1152,Cleanaway Parkeston - Liquid Waste Services,"Lot 33 Yarri Road, Parkeston, WA, 6434",-30.70977217952433,-30.70977217952433,Liquid waste services,https://www.cleanaway.com.au/location/parkeston/,2024-07-26 00:21:27,WA,6434
SVC1152,Cleanaway Parkeston - Liquid Waste Services,"Lot 33 Yarri Road, Parkeston, WA, 6434",-30.70977217952433,-30.70977217952433,Office,https://www.cleanaway.com.au/location/parkeston/,2024-07-26 00:21:27,WA,6434
SVC1153,Cleanaway Parkhurst - Solid Waste Services,"78 Waurn Street, Parkhurst, QLD, 4701",-23.33329659990984,-23.33329659990984,Solid waste services,https://www.cleanaway.com.au/location/parkhurst/,2024-07-26 00:21:34,QLD,4701
SVC1154,Cleanaway Peakhurst Solid Waste Depot,"8-10 Depot Road, Mortdale, NSW, 2210",-33.967709135538854,-33.967709135538854,Solid waste services,https://www.cleanaway.com.au/location/peakhurst/,2024-07-26 00:28:30,NSW,2210
SVC1155,Perth MRF,"72 Hyne Road, South Guildford, WA, 6055",-31.915738733432097,-31.915738733432097,Miscellaneous,https://www.cleanaway.com.au/location/perth-material-recovery-facility/,2024-07-26 00:28:39,WA,6055
SVC1156,Cleanaway Pinjarra,"Alocoa Access Road, South West Highway, Pinjarra, WA, 6208",-32.6599049,-32.6599049,Office,https://www.cleanaway.com.au/location/pinjarra/,2024-07-26 00:28:46,WA,6208
SVC1157,Cleanaway Port Adelaide - Solid Waste Services,"2 Francis Rd, Wingfield SA 5013, Australia",-34.84442097392786,-34.84442097392786,Solid waste services,https://www.cleanaway.com.au/location/port-adelaide/,2024-07-26 00:28:53,SA,5013
SVC1158,Cleanaway Port Augusta Solid Waste Transfer Station,"Lot 10 Footner Road, Port Augusta, SA, 5710",-32.505562227210376,-32.505562227210376,Solid waste services,https://www.cleanaway.com.au/location/stirling-north/,2024-07-26 00:29:01,SA,5710
SVC1159,Cleanaway Port Hedland Liquid & Technical Services,"20 Schillaman Street, Wedgefield, WA, 6721",-20.369430961371663,-20.369430961371663,Liquid waste services,https://www.cleanaway.com.au/location/wedgefield/,2024-07-26 00:29:07,WA,6721
SVC1160,Cleanaway Port Hedland Solid Waste Services,"18 Schillaman Street, Wedgefield, WA, 6721",-20.369511269408328,-20.369511269408328,Solid waste services,https://www.cleanaway.com.au/location/port-hedland/,2024-07-26 00:29:14,WA,6721
SVC1160,Cleanaway Port Hedland Solid Waste Services,"18 Schillaman Street, Wedgefield, WA, 6721",-20.369511269408328,-20.369511269408328,Office,https://www.cleanaway.com.au/location/port-hedland/,2024-07-26 00:29:14,WA,6721
SVC1161,Cleanaway Port Kembla Liquid Waste Services,"Recycling Area 21, Bluescope Steel, Springhill Road, Port Kembla, NSW, 2505",-34.45520241169187,-34.45520241169187,Liquid waste services,https://www.cleanaway.com.au/location/port-kembla/,2024-07-26 00:29:19,NSW,2505
SVC1162,Cleanaway Portarlington Road Moolap Depot,"317 Portarlington Road, Moolap, VIC, 3224",-38.16548988320143,-38.16548988320143,Solid waste services,https://www.cleanaway.com.au/location/moolap/,2024-07-26 00:29:27,VIC,3224
SVC1163,Cleanaway Portsmith Cairns Solid Waste Services,"66 Fearnley Street, Portsmith Cairns, QLD, 4870",-16.935437983447315,-16.935437983447315,Solid waste services,https://www.cleanaway.com.au/location/portsmith/,2024-07-26 00:29:36,QLD,4870
SVC1164,Cleanaway Queanbeyan Liquid Waste Depot,"42B Aurora Ave, Queanbeyan, NSW, 2620",-35.33834372891299,-35.33834372891299,Liquid waste services,https://www.cleanaway.com.au/location/queanbeyan/,2024-07-26 00:29:41,NSW,2620
SVC1165,Cleanaway Ramsay SA,"Section 100 Dump Road, Ramsay, SA, 5575",-34.79998343337878,-34.79998343337878,Miscellaneous,https://www.cleanaway.com.au/location/ramsay-sa/,2024-07-26 00:29:47,SA,5575
SVC1166,Cleanaway Ravenhall Melbourne Regional Landfill,"1100-1152 Christies Road, Ravenhall, VIC, 3023",-37.78769471213414,-37.78769471213414,Miscellaneous,https://www.cleanaway.com.au/location/ravenhall/,2024-07-26 00:29:50,VIC,3023
SVC1167,Cleanaway Rockdale Resource Recovery Centre,"5 Lindsay Street, Rockdale. NSW 2116",-33.95829848119168,-33.95829848119168,Solid waste services,https://www.cleanaway.com.au/location/cleanaway-rockdale-resource-recovery-centre/,2024-07-26 00:29:59,NSW,2116
SVC1168,Cleanaway Rockhampton NWO & ERS Liquid Waste Service,"Dooley St & Robinson St, Rockhampton City, QLD, 4700",-23.36343280778461,-23.36343280778461,Liquid waste services,https://www.cleanaway.com.au/location/rockhampton/,2024-07-26 00:30:04,QLD,4700
SVC1169,Cleanaway Rokeby Technical and Environmental Services,"8/73 Droughty Point Road, Rokeby, TAS, 7018",-42.90601824530805,-42.90601824530805,Miscellaneous,https://www.cleanaway.com.au/location/rokeby/,2024-07-26 00:30:09,TAS,7018
SVC1170,Cleanaway Roma Industrial Waste Services,"27 - 31 Linton Street, Roma, QLD, 4455",-26.582765184930075,-26.582765184930075,Industrial waste services,https://www.cleanaway.com.au/location/roma/,2024-07-26 00:30:14,QLD,4455
SVC1171,Cleanaway Rutherford Refinery,"11 Kyle St, Rutherford, NSW, 2320",-32.710217045609525,-32.710217045609525,Office,https://www.cleanaway.com.au/location/rutherford-2/,2024-07-26 00:30:21,NSW,2320
SVC1172,Cleanaway Rutherford Waste Oil Collection Facility,"99 Kyle Street, Rutherford, NSW, 2320",-32.71265285026184,-32.71265285026184,Liquid waste services,https://www.cleanaway.com.au/location/rutherford/,2024-07-26 00:30:29,NSW,2320
SVC1173,Cleanaway Ryde Resource Recovery Centre,"145 Wicks Road, Ryde. NSW 2116",-33.78582925278756,-33.78582925278756,Solid waste services,https://www.cleanaway.com.au/location/cleanaway-ryde-resource-recovery-centre/,2024-07-26 00:30:34,NSW,2116
SVC1174,Cleanaway Seymour Solid Waste Service,"61 Emily Street, Seymour, VIC, 3660",-37.01818700175218,-37.01818700175218,Office,https://www.cleanaway.com.au/location/seymour/,2024-07-26 00:30:41,VIC,3660
SVC1175,Cleanaway Shepparton Solid Waste Services,"73 Old Dookie Road, Shepparton, VIC, 3630",-36.3770390454234,-36.3770390454234,Office,https://www.cleanaway.com.au/location/shepparton/,2024-07-26 00:30:46,VIC,3630
SVC1176,Cleanaway Skips,"158 Frederick Street, Welland, SA, 5007",-34.910169021919465,-34.910169021919465,Solid waste services,https://www.cleanaway.com.au/location/welland/,2024-07-26 00:30:56,SA,5007
SVC1177,Cleanaway Smythesdale,"1380 Glenelg Highway, Smythesdale, VIC, 3351",-37.65206,-37.65206,Miscellaneous,https://www.cleanaway.com.au/location/smythesdale/,2024-07-26 00:31:02,VIC,3351
SVC1178,Cleanaway Somersby Municipal Waste Collections Services,"75 Pile Rd, Somersby, NSW, 2250",-33.40841394319126,-33.40841394319126,Solid waste services,https://www.cleanaway.com.au/location/somersby/,2024-07-26 00:31:09,NSW,2250
SVC1179,Cleanaway South Geelong Resource Recovery Transfer Station,"22 Wood St, South Geelong VIC 3220",-38.16898778012702,-38.16898778012702,Solid waste services,https://www.cleanaway.com.au/location/south-geelong/,2024-07-26 00:31:20,VIC,3220
SVC1180,Cleanaway South Kempsey – Solid Waste Services,"42 South Street, South Kempsey, NSW, 2440",-31.100181076598474,-31.100181076598474,Solid waste services,https://www.cleanaway.com.au/location/kempsey/,2024-07-26 00:31:30,NSW,2440
SVC1180,Cleanaway South Kempsey – Solid Waste Services,"42 South Street, South Kempsey, NSW, 2440",-31.100181076598474,-31.100181076598474,Office,https://www.cleanaway.com.au/location/kempsey/,2024-07-26 00:31:30,NSW,2440
SVC1181,Cleanaway South Windsor Liquid Waste Services,"Corner of Blackman Crescent and Fairey road, South Windsor, NSW, 2756",-33.62512997774327,-33.62512997774327,Liquid waste services,https://www.cleanaway.com.au/location/south-windsor/,2024-07-26 00:31:35,NSW,2756
SVC1182,Cleanaway Southwest Solid Waste Services,"Lot 171 Boyanup, Picton Rd,Picton, WA, 6229",-33.353242124525,-33.353242124525,Miscellaneous,https://www.cleanaway.com.au/location/bunbury/,2024-07-26 00:31:42,WA,6229
SVC1183,Cleanaway St Marys Industrial and Technical Waste Services,"42-46 Charles Street, St Marys, NSW, 2760",-33.7443541093107,-33.7443541093107,Hazardous Soil Treatment,https://www.cleanaway.com.au/location/st-marys/,2024-07-26 00:31:49,NSW,2760
SVC1183,Cleanaway St Marys Industrial and Technical Waste Services,"42-46 Charles Street, St Marys, NSW, 2760",-33.7443541093107,-33.7443541093107,Industrial Waste Services Depot,https://www.cleanaway.com.au/location/st-marys/,2024-07-26 00:31:49,NSW,2760
SVC1184,Cleanaway St Marys Liquid Waste Services,"40 Christie Street, St Marys, NSW, 2760",-33.74794369397784,-33.74794369397784,Liquid waste services,https://www.cleanaway.com.au/location/st-marys-liquid-waste-services/,2024-07-26 00:31:58,NSW,2760
SVC1185,Cleanaway Stratford - Liquid Waste Services,"63 Greenbank Rd, Stratford, QLD, 4870",-16.86956135933898,-16.86956135933898,Liquid waste services,https://www.cleanaway.com.au/location/stratford/,2024-07-26 00:32:05,QLD,4870
SVC1186,Cleanaway Sunshine West Industrial Waste Services,"16 Industrial Drive, Sunshine West, VIC, 3013",-37.81026713090877,-37.81026713090877,Industrial waste services,https://www.cleanaway.com.au/location/sunshine-west/,2024-07-26 00:32:14,VIC,3013
SVC1187,Cleanaway Swan Hill Solid Waste Services,"21 Quin Drive, Swan Hill, VIC, 3585",-35.34504393650596,-35.34504393650596,Solid waste services,https://www.cleanaway.com.au/location/cleanaway-swan-hill/,2024-07-26 00:32:21,VIC,3585
SVC1188,Cleanaway Sydney Olympic Park - Industrial Waste Services,"cnr Hill Rd & Pondage Link, Sydney Olympic Park, NSW, 2127",-33.84232190103701,-33.84232190103701,Industrial waste services,https://www.cleanaway.com.au/location/sydney-olympic-park/,2024-07-26 00:32:31,NSW,2127
SVC1189,Cleanaway Tamworth @Gunnedah Rd - Solid waste service,"31 Gunnedah Rd, Taminda, NSW, 2340",-31.09587265228226,-31.09587265228226,Miscellaneous,https://www.cleanaway.com.au/location/tamworth-2/,2024-07-26 00:32:36,NSW,2340
SVC1190,Cleanaway Tamworth - Solid Waste Services,"13 Anson Street, Taminda, NSW, 2340",-31.089898679901008,-31.089898679901008,Solid waste services,https://www.cleanaway.com.au/location/tamworth/,2024-07-26 00:32:46,NSW,2340
SVC1191,Cleanaway Thomastown Grease Trap Services,"11 Chaffey Street, Thomastown, VIC, 3074",-37.68991455100399,-37.68991455100399,Liquid waste services,https://www.cleanaway.com.au/location/thomastown/,2024-07-26 00:32:54,VIC,3074
SVC1192,Thurla,"428 Magnum Avenue (Koorlong), Thurla, VIC, 3496",-34.33924442041548,-34.33924442041548,Office,https://www.cleanaway.com.au/location/thurla/,2024-07-26 00:33:00,VIC,3496
SVC1193,Thurla Solid Waste Services,"428 Magnum Avenue (Koorlong), Thurla, VIC, 3496",-34.33924552522761,-34.33924552522761,Transfer Station,https://www.cleanaway.com.au/location/thurla-solid-waste-services/,2024-07-26 00:33:08,VIC,3496
SVC1193,Thurla Solid Waste Services,"428 Magnum Avenue (Koorlong), Thurla, VIC, 3496",-34.33924552522761,-34.33924552522761,Office,https://www.cleanaway.com.au/location/thurla-solid-waste-services/,2024-07-26 00:33:08,VIC,3496
SVC1193,Thurla Solid Waste Services,"428 Magnum Avenue (Koorlong), Thurla, VIC, 3496",-34.33924552522761,-34.33924552522761,Public Waste Drop-off,https://www.cleanaway.com.au/location/thurla-solid-waste-services/,2024-07-26 00:33:08,VIC,3496
SVC1193,Thurla Solid Waste Services,"428 Magnum Avenue (Koorlong), Thurla, VIC, 3496",-34.33924552522761,-34.33924552522761,Commercial Waste Drop-off,https://www.cleanaway.com.au/location/thurla-solid-waste-services/,2024-07-26 00:33:08,VIC,3496
SVC1194,Cleanaway Toowoomba – Liquid Waste Services,"27-35 Wilkinson St, Toowoomba, QLD, 4350",-27.536491358819948,-27.536491358819948,Liquid waste services,https://www.cleanaway.com.au/location/toowoomba/,2024-07-26 00:33:15,QLD,4350
SVC1195,Cleanaway Townsville NQRR,"96-102 Enterprise Street, Bohle, QLD, 4818",-19.254110478190437,-19.254110478190437,Miscellaneous,https://www.cleanaway.com.au/location/townsville-nqrr/,2024-07-26 00:33:23,QLD,4818
SVC1196,Cleanaway Tullamarine Solid Waste Depot,"206-300 Western Avenue, Tullamarine, VIC, 3043",-37.67575651293539,-37.67575651293539,Solid waste services,https://www.cleanaway.com.au/location/tullamarine/,2024-07-26 00:33:32,VIC,3043
SVC1196,Cleanaway Tullamarine Solid Waste Depot,"206-300 Western Avenue, Tullamarine, VIC, 3043",-37.67575651293539,-37.67575651293539,Office,https://www.cleanaway.com.au/location/tullamarine/,2024-07-26 00:33:32,VIC,3043
SVC1197,Cleanaway Unanderra – Medical Waste Services,"10-14 Industrial Road, Unanderra, NSW, 2526",-34.463930429547275,-34.463930429547275,Miscellaneous,https://www.cleanaway.com.au/location/industrial-road-unanderra/,2024-07-26 00:33:37,NSW,2526
SVC1198,Cleanaway Unanderra Waste Depot - Solid Waste Services,"5 Charcoal Close, Unanderra, NSW, 2526",-34.45884306921514,-34.45884306921514,Solid waste services,https://www.cleanaway.com.au/location/unanderra/,2024-07-26 00:33:43,NSW,2526
SVC1199,Cleanaway Unanderra Waynote Place Industrial Services,"10-12 Waynote Place, Unanderra, NSW, 2526",-34.460265,-34.460265,Liquid waste services,https://www.cleanaway.com.au/location/unanderra-3/,2024-07-26 00:33:49,NSW,2526
SVC1199,Cleanaway Unanderra Waynote Place Industrial Services,"10-12 Waynote Place, Unanderra, NSW, 2526",-34.460265,-34.460265,Industrial waste services,https://www.cleanaway.com.au/location/unanderra-3/,2024-07-26 00:33:49,NSW,2526
SVC1199,Cleanaway Unanderra Waynote Place Industrial Services,"10-12 Waynote Place, Unanderra, NSW, 2526",-34.460265,-34.460265,Office,https://www.cleanaway.com.au/location/unanderra-3/,2024-07-26 00:33:49,NSW,2526
SVC1200,Cleanaway Wagga Wagga - Solid Waste Services,"9 Schiller Street, Wagga Wagga NSW 2650 Australia",-35.12764190922321,-35.12764190922321,Solid waste services,https://www.cleanaway.com.au/location/wagga-wagga/,2024-07-26 00:33:59,NSW,2650
SVC1201,Cleanaway Warooka Waste Transfer Station & Recycling Centre,"Tuckokcowie Road, Warooka, SA, 5577",-34.991525609567866,-34.991525609567866,Miscellaneous,https://www.cleanaway.com.au/location/warooka-sa/,2024-07-26 00:34:04,SA,5577
SVC1202,Cleanaway Warrnambool Bin Hire and Waste Drop Off,"355 Koroit Street, Warrnambool VIC 3280",-38.37571400011774,-38.37571400011774,Miscellaneous,https://www.cleanaway.com.au/location/warrnambool/,2024-07-26 00:34:07,VIC,3280
SVC1203,Cleanaway Wetherill Park Waste Motor Oil Recycling,"6 Davis Road/2 Wenban Place, Wetherill Park, NSW, 2164",-33.837152894458214,-33.837152894458214,Miscellaneous,https://www.cleanaway.com.au/location/wetherill-park/,2024-07-26 00:34:16,NSW,2164
SVC1204,Cleanaway Whyalla One Steel - Industrial Waste Services,"27 Bowers Court, Whyalla Barson, SA, 5601",-33.008009,-33.008009,Industrial waste services,https://www.cleanaway.com.au/location/whyalla-one-steel-cleanaway/,2024-07-26 00:34:21,SA,5601
SVC1205,Cleanaway Whyalla Playford Industrial Services,"132B Norrie Avenue, Whyalla, SA, 5600",-33.038010670814074,-33.038010670814074,Liquid waste services,https://www.cleanaway.com.au/location/whyalla/,2024-07-26 00:34:26,SA,5600
SVC1206,Cleanaway Willawong Recycling & Transfer Station,"343 Bowhill Road, Willawong, QLD, 4068",-27.58283611493861,-27.58283611493861,Solid waste services,https://www.cleanaway.com.au/location/willawong/,2024-07-26 00:34:34,QLD,4068
SVC1207,Cleanaway Wingfield – Liquid Waste Services,"20 George Street, Wingfield, SA, 5013",-34.83475550287251,-34.83475550287251,Liquid waste services,https://www.cleanaway.com.au/location/wingfield-2/,2024-07-26 00:34:37,SA,5013
SVC1207,Cleanaway Wingfield – Liquid Waste Services,"20 George Street, Wingfield, SA, 5013",-34.83475550287251,-34.83475550287251,Office,https://www.cleanaway.com.au/location/wingfield-2/,2024-07-26 00:34:37,SA,5013
SVC1208,Wingfield Resource Recovery Centre,"Hanson Road, Wingfield, SA 5013",-34.83065925891953,-34.83065925891953,Transfer Station,https://www.cleanaway.com.au/location/wingfield/,2024-07-26 00:34:44,SA,5013
SVC1209,Cleanaway Wodonga Industrial Waste Services,"2/9 Romet Road, Wodonga, VIC, 3690",-36.11166500739213,-36.11166500739213,Industrial waste services,https://www.cleanaway.com.au/location/wodonga/,2024-07-26 00:34:50,VIC,3690
SVC1210,Cleanaway Wyong Solid Waste Depot,"1 Amsterdam Circuit, Wyong, NSW, 2259",-33.264526357566275,-33.264526357566275,Solid waste services,https://www.cleanaway.com.au/location/wyong/,2024-07-26 00:34:55,NSW,2259
SVC1210,Cleanaway Wyong Solid Waste Depot,"1 Amsterdam Circuit, Wyong, NSW, 2259",-33.264526357566275,-33.264526357566275,Office,https://www.cleanaway.com.au/location/wyong/,2024-07-26 00:34:55,NSW,2259
SVC1211,Cleanaway Yatala Liquid Waste Services,"29 Binary St, Yatala, QLD, 4207",-27.75764941916953,-27.75764941916953,Liquid waste services,https://www.cleanaway.com.au/location/yatala/,2024-07-26 00:35:01,QLD,4207
SVC1212,Cleanaway Young Solid Waste Services,"20 Chillingworks Rd, Young, NSW, 2594",-34.30134824214955,-34.30134824214955,Solid waste services,https://www.cleanaway.com.au/location/young-nsw/,2024-07-26 00:35:11,NSW,2594
SVC1213,Melbourne Energy & Resource Centre,"510 Summerhill Road, Wollert VIC 3750",-37.57592265294685,-37.57592265294685,Miscellaneous,https://www.cleanaway.com.au/location/melbourne-energy-and-resource-centre/,2024-07-26 00:35:17,VIC,3750
